{"count":1,"self":1638.9241855999999,"total":213937.7473432,"children":{"InitializeActuators":{"count":150,"self":0.0050016999999999995,"total":0.0050016999999999995,"children":null},"InitializeSensors":{"count":150,"self":0.010090799999999999,"total":0.010090799999999999,"children":null},"AgentSendState":{"count":637826,"self":6619.2658432,"total":8651.2099132,"children":{"CollectObservations":{"count":19166550,"self":88.7097792,"total":88.709778,"children":null},"WriteActionMask":{"count":19166550,"self":17.12404,"total":17.1240399,"children":null},"RequestDecision":{"count":19166550,"self":40.3521984,"total":1926.1101575999999,"children":{"AgentInfo.ToProto":{"count":19166550,"self":44.0914304,"total":1885.7579584,"children":{"GenerateSensorData":{"count":19166550,"self":1567.0774784,"total":1841.6665283,"children":{"RayPerceptionSensor.Perceive":{"count":76666200,"self":274.5890816,"total":274.58907469999997,"children":null}}}}}}}}},"DecideAction":{"count":637826,"self":200667.4440192,"total":200667.4395278,"children":null},"AgentAct":{"count":637826,"self":2977.6769024,"total":2977.6769178,"children":null},"AgentInfo.ToProto":{"count":23018,"self":0.1167279,"total":2.4786791999999997,"children":{"GenerateSensorData":{"count":23018,"self":2.0214968,"total":2.3619513,"children":{"RayPerceptionSensor.Perceive":{"count":92072,"self":0.3404546,"total":0.3404546,"children":null}}}}}},"gauges":{"DodgeBall.CumulativeReward":{"count":23018,"max":2.2,"min":-1,"runningAverage":0.5794907,"value":-1,"weightedAverage":0.3831733}},"metadata":{"timer_format_version":"0.1.0","start_time_seconds":"1705148391","unity_version":"2020.2.6f1","command_line_arguments":"C:\\Users\\Kamo\\master\\DodgeBallAgent\\Builds\\Elimination_easy__hard_75\\UnityEnvironment.exe --mlagents-port 5010","communication_protocol_version":"1.5.0","com.unity.ml-agents_version":"2.1.0-exp.1","scene_name":"Elimination_Training_Small_Hard_75","end_time_seconds":"1705362328"}}