{"count":1,"self":6.2013072,"total":41.0567449,"children":{"InitializeActuators":{"count":120,"self":0.0040363,"total":0.0040363,"children":null},"InitializeSensors":{"count":120,"self":0.011540199999999999,"total":0.011540199999999999,"children":null},"AgentSendState":{"count":1,"self":0.0274617,"total":0.040926699999999996,"children":{"CollectObservations":{"count":120,"self":0.0025101999999999998,"total":0.0025101999999999998,"children":null},"WriteActionMask":{"count":120,"self":0,"total":0,"children":null},"RequestDecision":{"count":120,"self":0.0010347,"total":0.010954799999999999,"children":{"AgentInfo.ToProto":{"count":120,"self":0.0010000999999999999,"total":0.0099201,"children":{"GenerateSensorData":{"count":120,"self":0.0079195,"total":0.0089199999999999991,"children":{"RayPerceptionSensor.Perceive":{"count":480,"self":0.0010004999999999999,"total":0.0010004999999999999,"children":null}}}}}}}}},"DecideAction":{"count":1,"self":34.789555199999995,"total":34.7895539,"children":null},"AgentAct":{"count":1,"self":0.0073817,"total":0.0073817,"children":null}},"gauges":{},"metadata":{"timer_format_version":"0.1.0","start_time_seconds":"1701960739","unity_version":"2020.2.6f1","command_line_arguments":"C:\\Users\\Kamo\\master\\DodgeBallAgent\\Builds\\EliminationMedium60\\DodgeBallEnv.exe --mlagents-port 5011","communication_protocol_version":"1.5.0","com.unity.ml-agents_version":"2.1.0-exp.1","scene_name":"Elimination_Training_60","end_time_seconds":"1701960780"}}