{"count":1,"self":1558.534656,"total":84882.3262235,"children":{"InitializeActuators":{"count":120,"self":0.0017932,"total":0.0017932,"children":null},"InitializeSensors":{"count":120,"self":0.0110733,"total":0.0110733,"children":null},"AgentSendState":{"count":710970,"self":3320.4371456,"total":4259.5037456,"children":{"CollectObservations":{"count":17066160,"self":47.8556672,"total":47.8556685,"children":null},"WriteActionMask":{"count":17066160,"self":14.599995199999999,"total":14.599994899999999,"children":null},"RequestDecision":{"count":17066160,"self":35.1341952,"total":876.61093859999994,"children":{"AgentInfo.ToProto":{"count":17066160,"self":39.343369599999996,"total":841.4767419,"children":{"GenerateSensorData":{"count":17066160,"self":608.11223039999993,"total":802.1333718,"children":{"RayPerceptionSensor.Perceive":{"count":68264640,"self":194.0211328,"total":194.0211283,"children":null}}}}}}}}},"DecideAction":{"count":710970,"self":76076.4039168,"total":76076.4033832,"children":null},"AgentAct":{"count":710970,"self":2986.7659264,"total":2986.7659049999997,"children":null},"AgentInfo.ToProto":{"count":18954,"self":0.10060759999999999,"total":1.1026299,"children":{"GenerateSensorData":{"count":18954,"self":0.8007728,"total":1.0020223,"children":{"RayPerceptionSensor.Perceive":{"count":75816,"self":0.2012495,"total":0.2012495,"children":null}}}}}},"gauges":{"DodgeBall.CumulativeReward":{"count":18954,"max":0.2,"min":0,"runningAverage":0.136029646,"value":0,"weightedAverage":0.0836719}},"metadata":{"timer_format_version":"0.1.0","start_time_seconds":"1699630279","unity_version":"2020.2.6f1","command_line_arguments":"C:\\Users\\Kamo\\master\\DodgeBallAgent\\Builds\\5ENVSIMPLE\\DodgeBallEnv.exe --mlagents-port 5010","communication_protocol_version":"1.5.0","com.unity.ml-agents_version":"2.1.0-exp.1","scene_name":"Elimination_Training","end_time_seconds":"1699715161"}}