{"count":1,"self":3.7214807999999997,"total":1286.1342911,"children":{"InitializeActuators":{"count":150,"self":0.0060006999999999994,"total":0.0060006999999999994,"children":null},"InitializeSensors":{"count":150,"self":0.025616999999999997,"total":0.025616999999999997,"children":null},"AgentSendState":{"count":1,"self":0.0464524,"total":0.078448099999999993,"children":{"CollectObservations":{"count":150,"self":0.0040539999999999994,"total":0.0040539999999999994,"children":null},"WriteActionMask":{"count":150,"self":0,"total":0,"children":null},"RequestDecision":{"count":150,"self":0.0041015,"total":0.0279417,"children":{"AgentInfo.ToProto":{"count":150,"self":0,"total":0.0238402,"children":{"GenerateSensorData":{"count":150,"self":0.0195556,"total":0.0238402,"children":{"RayPerceptionSensor.Perceive":{"count":600,"self":0.0042845999999999995,"total":0.0042845999999999995,"children":null}}}}}}}}},"DecideAction":{"count":1,"self":1282.291712,"total":1282.2916748,"children":null},"AgentAct":{"count":1,"self":0.0060596999999999995,"total":0.0060596999999999995,"children":null}},"gauges":{},"metadata":{"timer_format_version":"0.1.0","start_time_seconds":"1705495613","unity_version":"2020.2.6f1","command_line_arguments":"C:\\Users\\Kamo\\master\\DodgeBallAgent\\Builds\\Elimination_medium_medium_75\\UnityEnvironment.exe --mlagents-port 5011","communication_protocol_version":"1.5.0","com.unity.ml-agents_version":"2.1.0-exp.1","scene_name":"Elimination_Training_Medium_75","end_time_seconds":"1705496898"}}